Speed(km/h),Distance(km),Time(h)
30,17,0.566667
50,55,1.1
90,100,1.11111
120,250,2.08333
100,300,3
